{"cameraMode":{"drawMode":0,"name":"Shaded","section":"Shading Mode"},"sceneLighting":true,"audioPlay":false,"sceneViewState":{"showFog":true,"showMaterialUpdate":false,"showSkybox":true,"showFlares":true,"showImageEffects":true,"showParticleSystems":true},"in2DMode":false,"pivot":{"x":43.25911331176758,"y":10.486294746398926,"z":-120.64492797851563},"rotation":{"x":-0.04647838696837425,"y":0.014983350411057473,"z":0.0006974437274038792,"w":0.9988141655921936},"size":0.9059802889823914,"orthographic":false}