{"cameraMode":{"drawMode":0,"name":"Shaded","section":"Shading Mode"},"sceneLighting":false,"audioPlay":false,"sceneViewState":{"showFog":true,"showMaterialUpdate":false,"showSkybox":false,"showFlares":true,"showImageEffects":true,"showParticleSystems":true},"in2DMode":false,"pivot":{"x":684.9790649414063,"y":419.6318359375,"z":135.96209716796876},"rotation":{"x":0.5608899593353272,"y":0.009190615266561509,"z":-0.0062271952629089359,"w":0.8278197050094605},"size":1558.6468505859375,"orthographic":false}