{"cameraMode":{"drawMode":0,"name":"Shaded","section":"Shading Mode"},"sceneLighting":true,"audioPlay":false,"sceneViewState":{"showFog":true,"showMaterialUpdate":false,"showSkybox":true,"showFlares":true,"showImageEffects":true,"showParticleSystems":true},"in2DMode":false,"pivot":{"x":177.58120727539063,"y":-103.03410339355469,"z":111.05999755859375},"rotation":{"x":0.08621584624052048,"y":0.21932029724121095,"z":-0.019460588693618776,"w":0.9716457724571228},"size":202.74203491210938,"orthographic":false}