{"cameraMode":{"drawMode":0,"name":"Shaded","section":"Shading Mode"},"sceneLighting":true,"audioPlay":false,"sceneViewState":{"showFog":true,"showMaterialUpdate":false,"showSkybox":true,"showFlares":true,"showImageEffects":true,"showParticleSystems":true},"in2DMode":false,"pivot":{"x":11.909218788146973,"y":-2.455974578857422,"z":-8.60235595703125},"rotation":{"x":0.05232866108417511,"y":-0.07482688874006272,"z":0.003932200372219086,"w":0.9958210587501526},"size":48.553504943847659,"orthographic":false}